,price,propertyType_chalet,propertyType_countryHouse,propertyType_duplex,propertyType_flat,propertyType_penthouse,propertyType_studio,rooms_0,rooms_1,rooms_2,rooms_3,rooms_4,bathrooms_1,bathrooms_2,bathrooms_3,exterior_False,exterior_True,size_standard,distance_standard,municipality_standard,floor_standard,hasLift_standard
0,750.0,0.0,0.0,0.0,1.0,0.0,0.0,0.0,1.0,0.0,0.0,0.0,1.0,0.0,0.0,0.0,1.0,0.17866982544723678,-0.6721679216909929,0.32551814451090866,0.06833862980017628,0.604025855683706
1,750.0,0.0,0.0,0.0,1.0,0.0,0.0,0.0,0.0,1.0,0.0,0.0,1.0,0.0,0.0,0.0,1.0,0.7443164766261664,0.06372932172152897,1.6207452803858362,-1.2663960811836383,-0.25623866340318285
2,590.0,0.0,0.0,0.0,1.0,0.0,0.0,0.0,0.0,0.0,1.0,0.0,0.0,1.0,0.0,0.0,1.0,-0.0475888350243351,-0.29315013855000255,-2.5216751759797966,-1.2512439464726683,-0.25623866340318285
3,684.0,0.0,0.0,0.0,0.0,0.0,1.0,1.0,0.0,0.0,0.0,0.0,1.0,0.0,0.0,0.0,1.0,-0.6698001513211578,-0.37976430685679036,0.32551814451090866,-1.2512439464726683,-4.185620372065892
4,600.0,0.0,0.0,0.0,1.0,0.0,0.0,0.0,0.0,1.0,0.0,0.0,1.0,0.0,0.0,0.0,1.0,0.9140104719798453,1.7537559620882086,-2.2961775481296987,0.06833862980017628,-0.25623866340318285
5,600.0,0.0,0.0,1.0,0.0,0.0,0.0,0.0,1.0,0.0,0.0,0.0,1.0,0.0,0.0,0.0,1.0,0.8008811417440594,2.3245045487665195,-2.9767006375075664,0.7671780889277882,-0.25623866340318285
6,550.0,0.0,0.0,0.0,1.0,0.0,0.0,0.0,1.0,0.0,0.0,0.0,1.0,0.0,0.0,0.0,1.0,-0.217282830378014,-0.9169014252369446,0.32551814451090866,0.7671780889277882,-0.25623866340318285
7,700.0,0.0,0.0,0.0,0.0,0.0,1.0,1.0,0.0,0.0,0.0,0.0,1.0,0.0,0.0,0.0,1.0,-1.6313994583253382,-0.7907776223200643,0.32551814451090866,0.7671780889277882,-0.25623866340318285
8,700.0,0.0,0.0,1.0,0.0,0.0,0.0,0.0,0.0,1.0,0.0,0.0,1.0,0.0,0.0,0.0,1.0,1.6493511185124539,1.2763276780165584,-0.04120126962872089,0.06833862980017628,0.604025855683706
9,700.0,0.0,0.0,0.0,1.0,0.0,0.0,0.0,1.0,0.0,0.0,0.0,1.0,0.0,0.0,1.0,0.0,-0.6698001513211578,-1.0754247444700769,0.32551814451090866,1.1736189129542818,-0.25623866340318285
10,550.0,0.0,0.0,0.0,1.0,0.0,0.0,0.0,0.0,1.0,0.0,0.0,1.0,0.0,0.0,0.0,1.0,-0.16071816526012103,0.8788074279518233,-2.620525723353202,-1.2025652485928284,-0.25623866340318285
11,695.0,0.0,0.0,0.0,1.0,0.0,0.0,0.0,0.0,1.0,0.0,0.0,1.0,0.0,0.0,0.0,1.0,0.40492848591880864,0.03157219580165811,1.6207452803858362,0.7671780889277882,-0.25623866340318285
12,650.0,0.0,0.0,0.0,1.0,0.0,0.0,0.0,0.0,1.0,0.0,0.0,1.0,0.0,0.0,0.0,1.0,0.6311871463903805,2.185857242036624,-0.8389053413012905,-1.2663960811836383,-0.25623866340318285
13,700.0,0.0,0.0,0.0,1.0,0.0,0.0,0.0,1.0,0.0,0.0,0.0,1.0,0.0,0.0,1.0,0.0,-1.5182701280895523,-0.9783877891189088,0.32551814451090866,0.7671780889277882,0.604025855683706
14,700.0,0.0,0.0,0.0,1.0,0.0,0.0,0.0,1.0,0.0,0.0,0.0,1.0,0.0,0.0,1.0,0.0,-1.2354468025000873,-1.087705857886711,0.32551814451090866,0.7671780889277882,-0.25623866340318285
15,700.0,0.0,0.0,0.0,1.0,0.0,0.0,0.0,1.0,0.0,0.0,0.0,1.0,0.0,0.0,0.0,1.0,-0.7829294815569436,-0.8818356145605026,0.32551814451090866,0.5868697173249323,0.604025855683706
16,650.0,0.0,0.0,0.0,1.0,0.0,0.0,0.0,0.0,1.0,0.0,0.0,1.0,0.0,0.0,0.0,1.0,0.17866982544723678,-0.9187597516091985,0.32551814451090866,0.7671780889277882,-0.25623866340318285
18,695.0,0.0,0.0,0.0,1.0,0.0,0.0,0.0,1.0,0.0,0.0,0.0,1.0,0.0,0.0,1.0,0.0,-0.9526234769106225,-1.0572454647415066,0.32551814451090866,1.252531525615225,0.604025855683706
19,675.0,0.0,0.0,0.0,1.0,0.0,0.0,0.0,1.0,0.0,0.0,0.0,1.0,0.0,0.0,0.0,1.0,-0.9526234769106225,0.6625143975812346,-0.4476358725108889,-1.2663960811836383,-0.25623866340318285
20,750.0,0.0,0.0,0.0,0.0,0.0,1.0,1.0,0.0,0.0,0.0,0.0,1.0,0.0,0.0,1.0,0.0,-0.6698001513211578,-1.1577566824408014,0.32551814451090866,-1.2663960811836383,0.604025855683706
21,750.0,0.0,0.0,0.0,1.0,0.0,0.0,0.0,0.0,0.0,1.0,0.0,0.0,1.0,0.0,0.0,1.0,2.3846917650450625,2.273279378331348,-2.5465390913051835,0.7671780889277882,0.604025855683706
22,680.0,0.0,0.0,0.0,1.0,0.0,0.0,0.0,1.0,0.0,0.0,0.0,1.0,0.0,0.0,1.0,0.0,-1.0657528071464084,-1.03139048912754,0.32551814451090866,0.7671780889277882,0.604025855683706
23,750.0,0.0,0.0,0.0,1.0,0.0,0.0,0.0,1.0,0.0,0.0,0.0,1.0,0.0,0.0,0.0,1.0,-0.3304121606137999,-0.27957627635267013,0.32551814451090866,0.7671780889277882,0.604025855683706
24,750.0,0.0,0.0,0.0,0.0,1.0,0.0,0.0,1.0,0.0,0.0,0.0,1.0,0.0,0.0,0.0,1.0,0.17866982544723678,0.4815295682834691,1.086286869621768,0.5868697173249323,-0.25623866340318285
25,750.0,0.0,0.0,0.0,0.0,0.0,1.0,1.0,0.0,0.0,0.0,0.0,1.0,0.0,0.0,1.0,0.0,-1.801093453679017,-1.1976703010448622,0.32551814451090866,1.252531525615225,0.604025855683706
26,750.0,0.0,0.0,0.0,1.0,0.0,0.0,0.0,1.0,0.0,0.0,0.0,1.0,0.0,0.0,1.0,0.0,-0.9526234769106225,-1.0800301620013146,0.32551814451090866,0.7671780889277882,-0.25623866340318285
27,650.0,0.0,0.0,0.0,1.0,0.0,0.0,0.0,0.0,1.0,0.0,0.0,1.0,0.0,0.0,0.0,1.0,0.2917991556830227,-0.607207295460902,0.32551814451090866,0.7671780889277882,-0.25623866340318285
28,750.0,0.0,0.0,0.0,0.0,0.0,1.0,1.0,0.0,0.0,0.0,0.0,1.0,0.0,0.0,0.0,1.0,-1.5182701280895523,-1.1651899879298169,0.32551814451090866,0.06833862980017628,-0.25623866340318285
29,750.0,0.0,0.0,0.0,1.0,0.0,0.0,0.0,1.0,0.0,0.0,0.0,1.0,0.0,0.0,1.0,0.0,-1.0091881420285156,-1.0762327124580133,0.32551814451090866,1.1736189129542818,-0.25623866340318285
30,700.0,0.0,0.0,0.0,1.0,0.0,0.0,0.0,0.0,1.0,0.0,0.0,1.0,0.0,0.0,0.0,1.0,0.2917991556830227,-0.5546085794462389,0.32551814451090866,0.06833862980017628,-0.25623866340318285
31,747.0,0.0,0.0,0.0,1.0,0.0,0.0,0.0,0.0,0.0,1.0,0.0,0.0,1.0,0.0,0.0,1.0,2.2149977696913834,0.9093486178958212,-0.0641010573887986,0.7671780889277882,0.604025855683706
32,640.0,0.0,0.0,0.0,0.0,0.0,1.0,1.0,0.0,0.0,0.0,0.0,1.0,0.0,0.0,0.0,1.0,-1.2354468025000873,-0.6489792404372167,0.32551814451090866,0.7671780889277882,0.604025855683706
33,750.0,0.0,0.0,0.0,1.0,0.0,0.0,0.0,1.0,0.0,0.0,0.0,1.0,0.0,0.0,1.0,0.0,-1.5182701280895523,-1.0683954229750297,0.32551814451090866,1.801441218422622,0.604025855683706
34,750.0,0.0,0.0,0.0,1.0,0.0,0.0,0.0,0.0,1.0,0.0,0.0,1.0,0.0,0.0,0.0,1.0,0.7443164766261664,1.0783755209721273,0.24586183934677466,0.5868697173249323,0.604025855683706
35,625.0,0.0,0.0,0.0,1.0,0.0,0.0,0.0,0.0,1.0,0.0,0.0,1.0,0.0,0.0,0.0,1.0,-0.273847495495907,2.027091532407111,-1.7324334785044542,0.5868697173249323,-0.25623866340318285
36,700.0,0.0,0.0,0.0,0.0,0.0,1.0,1.0,0.0,0.0,0.0,0.0,1.0,0.0,0.0,0.0,1.0,-0.9526234769106225,-1.1251147757281688,0.32551814451090866,0.06833862980017628,0.604025855683706
37,750.0,0.0,0.0,0.0,0.0,0.0,1.0,1.0,0.0,0.0,0.0,0.0,1.0,0.0,0.0,0.0,1.0,-0.9526234769106225,-1.0454491321176345,0.32551814451090866,-1.2025652485928284,0.604025855683706
38,650.0,0.0,0.0,0.0,1.0,0.0,0.0,0.0,1.0,0.0,0.0,0.0,1.0,0.0,0.0,1.0,0.0,-1.2354468025000873,-1.1501617833541988,0.32551814451090866,0.5868697173249323,0.604025855683706
39,720.0,0.0,0.0,0.0,1.0,0.0,0.0,0.0,0.0,0.0,1.0,0.0,1.0,0.0,0.0,0.0,1.0,0.7443164766261664,1.1103710532944109,0.24586183934677466,0.5868697173249323,-0.25623866340318285
40,699.0,0.0,0.0,0.0,1.0,0.0,0.0,0.0,1.0,0.0,0.0,0.0,1.0,0.0,0.0,0.0,1.0,-0.273847495495907,-0.6677240977573424,0.32551814451090866,0.06833862980017628,0.604025855683706
41,750.0,0.0,0.0,0.0,1.0,0.0,0.0,0.0,0.0,1.0,0.0,0.0,1.0,0.0,0.0,0.0,1.0,0.46149315103670163,-0.1838320697822004,-2.1822300307023257,-1.2512439464726683,0.604025855683706
42,695.0,0.0,0.0,0.0,1.0,0.0,0.0,0.0,0.0,1.0,0.0,0.0,1.0,0.0,0.0,0.0,1.0,0.46149315103670163,-0.11733630437503027,0.6785224214177364,-1.2512439464726683,0.604025855683706
43,750.0,0.0,0.0,0.0,1.0,0.0,0.0,0.0,0.0,1.0,0.0,0.0,0.0,1.0,0.0,0.0,1.0,1.1968337975693102,0.35249708061001744,-0.2584256023635321,-1.2512439464726683,0.604025855683706
44,620.0,0.0,0.0,0.0,1.0,0.0,0.0,0.0,0.0,1.0,0.0,0.0,1.0,0.0,0.0,0.0,1.0,0.17866982544723678,-0.5958957436297917,0.32551814451090866,-1.2512439464726683,-0.25623866340318285
45,550.0,0.0,0.0,0.0,1.0,0.0,0.0,0.0,1.0,0.0,0.0,0.0,1.0,0.0,0.0,0.0,1.0,-1.0657528071464084,-0.3569796095969824,-2.1822300307023257,-1.2512439464726683,-0.25623866340318285
46,750.0,0.0,0.0,0.0,1.0,0.0,0.0,0.0,1.0,0.0,0.0,0.0,1.0,0.0,0.0,1.0,0.0,-0.6132354862032647,-1.1214789197824546,0.32551814451090866,0.06833862980017628,0.604025855683706
47,680.0,0.0,0.0,0.0,0.0,0.0,1.0,1.0,0.0,0.0,0.0,0.0,1.0,0.0,0.0,0.0,1.0,-0.10415350014222806,-0.8289137113506648,0.32551814451090866,-1.2663960811836383,-0.25623866340318285
48,700.0,0.0,0.0,0.0,1.0,0.0,0.0,0.0,1.0,0.0,0.0,0.0,0.0,1.0,0.0,0.0,1.0,-0.3869768257316929,1.3489640001320453,-0.04120126962872089,-1.2512439464726683,-4.185620372065892
49,750.0,0.0,0.0,1.0,0.0,0.0,0.0,0.0,1.0,0.0,0.0,0.0,1.0,0.0,0.0,0.0,1.0,-1.2354468025000873,-0.9137503500839925,0.32551814451090866,-1.2512439464726683,-4.185620372065892
50,750.0,0.0,0.0,0.0,1.0,0.0,0.0,0.0,0.0,1.0,0.0,0.0,1.0,0.0,0.0,0.0,1.0,0.5180578161545946,-0.16524880605966197,0.9114486618826325,0.7671780889277882,0.604025855683706
51,650.0,0.0,0.0,0.0,1.0,0.0,0.0,0.0,1.0,0.0,0.0,0.0,1.0,0.0,0.0,0.0,1.0,0.46149315103670163,1.1379227616830438,0.24586183934677466,-1.2025652485928284,0.604025855683706
52,720.0,0.0,0.0,0.0,1.0,0.0,0.0,0.0,0.0,0.0,1.0,0.0,0.0,1.0,0.0,1.0,0.0,-0.0475888350243351,-0.29315013855000255,-1.2780056861667206,0.7671780889277882,0.604025855683706
53,600.0,0.0,0.0,0.0,1.0,0.0,0.0,0.0,1.0,0.0,0.0,0.0,1.0,0.0,0.0,0.0,1.0,-0.3869768257316929,0.7331307997268807,-1.7385523723962688,-1.2512439464726683,0.604025855683706
54,650.0,0.0,0.0,0.0,1.0,0.0,0.0,0.0,1.0,0.0,0.0,0.0,1.0,0.0,0.0,0.0,1.0,0.23523449056512974,1.5779421279132364,0.35147764727483816,0.5868697173249323,0.604025855683706
55,650.0,0.0,0.0,0.0,1.0,0.0,0.0,0.0,0.0,1.0,0.0,0.0,1.0,0.0,0.0,1.0,0.0,0.46149315103670163,-0.30858232711958883,0.9114486618826325,0.06833862980017628,-0.25623866340318285
56,700.0,0.0,0.0,0.0,1.0,0.0,0.0,0.0,1.0,0.0,0.0,0.0,1.0,0.0,0.0,0.0,1.0,-0.6698001513211578,-0.24523763686537087,0.32551814451090866,0.06833862980017628,-0.25623866340318285
57,625.0,0.0,0.0,0.0,1.0,0.0,0.0,0.0,0.0,1.0,0.0,0.0,1.0,0.0,0.0,0.0,1.0,0.2917991556830227,-0.29815954007520856,0.24171987568577724,-1.2663960811836383,-0.25623866340318285
58,595.0,0.0,0.0,0.0,1.0,0.0,0.0,0.0,1.0,0.0,0.0,0.0,1.0,0.0,0.0,0.0,1.0,-0.6698001513211578,-0.8736751378823444,0.32551814451090866,-1.2663960811836383,-0.25623866340318285
59,650.0,0.0,0.0,0.0,1.0,0.0,0.0,0.0,1.0,0.0,0.0,0.0,1.0,0.0,0.0,0.0,1.0,-0.10415350014222806,-0.39277259146256727,0.32551814451090866,1.252531525615225,0.604025855683706
60,725.0,0.0,0.0,0.0,1.0,0.0,0.0,0.0,1.0,0.0,0.0,0.0,1.0,0.0,0.0,0.0,1.0,-0.3869768257316929,-0.6179532697004568,0.32551814451090866,0.5868697173249323,0.604025855683706
61,750.0,0.0,0.0,0.0,1.0,0.0,0.0,0.0,0.0,0.0,1.0,0.0,1.0,0.0,0.0,0.0,1.0,2.158433104573491,1.0606002252375253,0.24586183934677466,1.670465304592142,0.604025855683706
62,700.0,0.0,0.0,0.0,0.0,1.0,0.0,0.0,1.0,0.0,0.0,0.0,1.0,0.0,0.0,0.0,1.0,-1.5182701280895523,-0.2672143661372424,0.32551814451090866,0.7671780889277882,0.604025855683706
63,700.0,0.0,0.0,0.0,1.0,0.0,0.0,0.0,1.0,0.0,0.0,0.0,1.0,0.0,0.0,1.0,0.0,-1.6879641234432312,-1.1283466476799147,0.32551814451090866,0.06833862980017628,-0.25623866340318285
64,650.0,0.0,0.0,0.0,1.0,0.0,0.0,0.0,0.0,1.0,0.0,0.0,1.0,0.0,0.0,0.0,1.0,0.1221051603293438,1.228576769929514,0.24586183934677466,0.7671780889277882,0.604025855683706
65,550.0,0.0,0.0,0.0,1.0,0.0,0.0,0.0,1.0,0.0,0.0,0.0,1.0,0.0,0.0,0.0,1.0,-0.9526234769106225,0.19340818378532976,-3.4236656873801876,0.06833862980017628,0.604025855683706
66,650.0,0.0,0.0,0.0,1.0,0.0,0.0,0.0,1.0,0.0,0.0,0.0,1.0,0.0,0.0,0.0,1.0,-0.10415350014222806,-0.4088511544225027,0.32551814451090866,1.252531525615225,0.604025855683706
67,750.0,0.0,0.0,0.0,1.0,0.0,0.0,0.0,0.0,1.0,0.0,0.0,1.0,0.0,0.0,0.0,1.0,0.46149315103670163,-0.7898888575333342,0.32551814451090866,-1.2512439464726683,0.604025855683706
68,725.0,0.0,0.0,0.0,1.0,0.0,0.0,0.0,0.0,1.0,0.0,0.0,1.0,0.0,0.0,0.0,1.0,0.7443164766261664,-0.9080945741684373,0.32551814451090866,-1.2512439464726683,0.604025855683706
69,700.0,0.0,0.0,0.0,1.0,0.0,0.0,0.0,1.0,0.0,0.0,0.0,1.0,0.0,0.0,0.0,1.0,1.309963127805096,1.1395386976589168,0.24586183934677466,0.7671780889277882,-0.25623866340318285
70,650.0,0.0,0.0,0.0,1.0,0.0,0.0,0.0,1.0,0.0,0.0,0.0,1.0,0.0,0.0,0.0,1.0,-0.9526234769106225,-0.25307492634835443,0.32551814451090866,-1.2663960811836383,0.604025855683706
71,695.0,0.0,0.0,0.0,1.0,0.0,0.0,0.0,0.0,0.0,1.0,0.0,1.0,0.0,0.0,0.0,1.0,1.8756097789840258,-0.6162565369257903,0.32551814451090866,-1.2512439464726683,-0.25623866340318285
72,750.0,0.0,0.0,0.0,1.0,0.0,0.0,0.0,1.0,0.0,0.0,0.0,1.0,0.0,0.0,0.0,1.0,-0.10415350014222806,-0.7545806564605112,0.32551814451090866,-1.2512439464726683,-0.25623866340318285
73,650.0,0.0,0.0,0.0,1.0,0.0,0.0,0.0,0.0,1.0,0.0,0.0,1.0,0.0,0.0,0.0,1.0,0.46149315103670163,-0.62999199272071,0.32551814451090866,-1.2512439464726683,0.604025855683706
74,666.0,0.0,0.0,0.0,1.0,0.0,0.0,0.0,1.0,0.0,0.0,0.0,0.0,1.0,0.0,0.0,1.0,0.7443164766261664,0.7680350168057355,-0.4476358725108889,0.7671780889277882,0.604025855683706
75,750.0,0.0,0.0,0.0,1.0,0.0,0.0,0.0,0.0,1.0,0.0,0.0,0.0,1.0,0.0,0.0,1.0,1.1968337975693102,1.1812298458364379,0.24586183934677466,-1.2512439464726683,0.604025855683706
76,630.0,0.0,0.0,0.0,1.0,0.0,0.0,0.0,0.0,0.0,1.0,0.0,1.0,0.0,0.0,0.0,1.0,0.9705751370977383,1.706974615586688,-1.6196846645794054,-1.2512439464726683,0.604025855683706
77,635.0,0.0,0.0,0.0,0.0,0.0,1.0,1.0,0.0,0.0,0.0,0.0,1.0,0.0,0.0,0.0,1.0,-0.10415350014222806,-0.06691910192779557,-2.1822300307023257,0.5868697173249323,0.604025855683706
78,725.0,0.0,0.0,0.0,1.0,0.0,0.0,0.0,0.0,1.0,0.0,0.0,1.0,0.0,0.0,0.0,1.0,0.6877518115082735,1.6592237074996437,0.35147764727483816,0.7671780889277882,0.604025855683706
79,750.0,0.0,0.0,0.0,1.0,0.0,0.0,0.0,1.0,0.0,0.0,0.0,1.0,0.0,0.0,1.0,0.0,-1.2354468025000873,-1.171330544638134,0.32551814451090866,0.7671780889277882,-0.25623866340318285
80,690.0,0.0,0.0,0.0,1.0,0.0,0.0,0.0,0.0,1.0,0.0,0.0,1.0,0.0,0.0,0.0,1.0,0.46149315103670163,-0.8590509173006946,0.32551814451090866,0.06833862980017628,-0.25623866340318285
81,700.0,0.0,0.0,0.0,0.0,0.0,1.0,1.0,0.0,0.0,0.0,0.0,1.0,0.0,0.0,1.0,0.0,-1.5182701280895523,-1.1566255272576904,0.32551814451090866,0.5868697173249323,0.604025855683706
82,730.0,0.0,0.0,0.0,1.0,0.0,0.0,0.0,0.0,0.0,1.0,0.0,1.0,0.0,0.0,0.0,1.0,0.40492848591880864,0.39418822878753845,0.26431082507403486,0.7671780889277882,-0.25623866340318285
83,750.0,0.0,0.0,0.0,1.0,0.0,0.0,0.0,1.0,0.0,0.0,0.0,1.0,0.0,0.0,0.0,1.0,-0.3304121606137999,-0.9631171941469098,0.32551814451090866,0.7671780889277882,0.604025855683706
84,750.0,0.0,0.0,0.0,1.0,0.0,0.0,0.0,1.0,0.0,0.0,0.0,1.0,0.0,0.0,1.0,0.0,-0.5001061559674789,0.41770009723648927,1.6338742882066621,1.252531525615225,0.604025855683706
85,690.0,0.0,0.0,0.0,1.0,0.0,0.0,0.0,1.0,0.0,0.0,0.0,1.0,0.0,0.0,0.0,1.0,-1.2354468025000873,-0.8527487669947903,0.32551814451090866,-1.2512439464726683,-0.25623866340318285
86,750.0,0.0,0.0,0.0,1.0,0.0,0.0,0.0,0.0,0.0,1.0,0.0,1.0,0.0,0.0,0.0,1.0,0.9705751370977383,-0.1890030649049937,0.9114486618826325,1.252531525615225,0.604025855683706
87,700.0,0.0,0.0,1.0,0.0,0.0,0.0,0.0,1.0,0.0,0.0,0.0,1.0,0.0,0.0,0.0,1.0,-1.2354468025000873,-1.1718961222296893,0.32551814451090866,-1.2663960811836383,-0.25623866340318285
88,720.0,0.0,0.0,0.0,1.0,0.0,0.0,0.0,1.0,0.0,0.0,0.0,1.0,0.0,0.0,0.0,1.0,-0.8394941466748367,-0.5674552704544286,0.32551814451090866,1.252531525615225,0.604025855683706
89,595.0,0.0,0.0,0.0,1.0,0.0,0.0,0.0,1.0,0.0,0.0,0.0,1.0,0.0,0.0,0.0,1.0,-0.10415350014222806,1.158849132570598,-2.4089263620547476,0.7671780889277882,-0.25623866340318285
90,700.0,0.0,0.0,0.0,1.0,0.0,0.0,0.0,1.0,0.0,0.0,0.0,1.0,0.0,0.0,1.0,0.0,-0.6698001513211578,-1.150808157744548,0.32551814451090866,0.7671780889277882,-0.25623866340318285
91,700.0,0.0,0.0,0.0,1.0,0.0,0.0,0.0,0.0,1.0,0.0,0.0,1.0,0.0,0.0,0.0,1.0,1.0271398022156313,2.3074564242210602,-2.5465390913051835,0.7671780889277882,-0.25623866340318285
92,675.0,0.0,0.0,1.0,0.0,0.0,0.0,0.0,0.0,1.0,0.0,0.0,0.0,1.0,0.0,0.0,1.0,1.705915783630347,2.3549649419117236,-2.9767006375075664,0.5868697173249323,-0.25623866340318285
93,650.0,0.0,0.0,0.0,1.0,0.0,0.0,0.0,1.0,0.0,0.0,0.0,1.0,0.0,0.0,0.0,1.0,-0.6698001513211578,1.808616988469094,-1.1686894088792097,-1.2663960811836383,-0.25623866340318285
94,750.0,0.0,0.0,0.0,0.0,0.0,1.0,1.0,0.0,0.0,0.0,0.0,1.0,0.0,0.0,0.0,1.0,-0.10415350014222806,-1.1665635335093087,0.32551814451090866,0.5868697173249323,0.604025855683706
95,720.0,0.0,0.0,0.0,0.0,0.0,1.0,1.0,0.0,0.0,0.0,0.0,1.0,0.0,0.0,0.0,1.0,-0.6698001513211578,0.0062020009804534745,1.6207452803858362,1.1736189129542818,0.604025855683706
96,624.0,0.0,0.0,0.0,1.0,0.0,0.0,0.0,1.0,0.0,0.0,0.0,1.0,0.0,0.0,0.0,1.0,-0.6698001513211578,0.7046095297527238,-1.7385523723962688,-1.2512439464726683,0.604025855683706
97,633.0,0.0,0.0,0.0,1.0,0.0,0.0,0.0,1.0,0.0,0.0,0.0,1.0,0.0,0.0,0.0,1.0,-0.6698001513211578,0.7046095297527238,-1.7385523723962688,-1.2512439464726683,0.604025855683706
98,640.0,0.0,0.0,0.0,0.0,0.0,1.0,1.0,0.0,0.0,0.0,0.0,1.0,0.0,0.0,0.0,1.0,-1.3485761327358734,-0.3366996130997774,0.32551814451090866,0.5868697173249323,0.604025855683706
99,645.0,0.0,0.0,0.0,1.0,0.0,0.0,0.0,0.0,1.0,0.0,0.0,0.0,1.0,0.0,0.0,1.0,1.536221788276668,2.3003463059272193,-2.5465390913051835,0.5868697173249323,0.604025855683706
100,750.0,0.0,0.0,0.0,1.0,0.0,0.0,0.0,1.0,0.0,0.0,0.0,1.0,0.0,0.0,1.0,0.0,-0.6132354862032647,-1.1543632168914684,0.32551814451090866,0.06833862980017628,-0.25623866340318285
101,735.0,0.0,0.0,0.0,0.0,0.0,1.0,1.0,0.0,0.0,0.0,0.0,1.0,0.0,0.0,0.0,1.0,-1.2354468025000873,-0.3448600897779356,0.32551814451090866,0.7671780889277882,0.604025855683706
102,600.0,0.0,0.0,0.0,1.0,0.0,0.0,0.0,1.0,0.0,0.0,0.0,1.0,0.0,0.0,0.0,1.0,-0.10415350014222806,0.7944555700112576,-2.2961775481296987,-1.2512439464726683,-4.185620372065892
103,750.0,0.0,0.0,0.0,1.0,0.0,0.0,0.0,0.0,0.0,1.0,0.0,1.0,0.0,0.0,0.0,1.0,1.0271398022156313,-0.5712527199977299,0.32551814451090866,-1.2512439464726683,-0.25623866340318285
104,600.0,0.0,0.0,0.0,0.0,1.0,0.0,0.0,1.0,0.0,0.0,0.0,1.0,0.0,0.0,0.0,1.0,-1.801093453679017,-1.2259491806226381,0.32551814451090866,1.1736189129542818,0.604025855683706
105,705.0,0.0,0.0,0.0,1.0,0.0,0.0,0.0,1.0,0.0,0.0,0.0,1.0,0.0,0.0,0.0,1.0,-0.5001061559674789,-0.31383411904117575,0.32551814451090866,1.252531525615225,0.604025855683706
106,650.0,0.0,0.0,0.0,1.0,0.0,0.0,0.0,0.0,1.0,0.0,0.0,1.0,0.0,0.0,0.0,1.0,0.2917991556830227,2.2520298202486195,-1.321553539996649,0.06833862980017628,-0.25623866340318285
107,700.0,0.0,0.0,1.0,0.0,0.0,0.0,0.0,0.0,1.0,0.0,0.0,1.0,0.0,0.0,0.0,1.0,0.23523449056512974,0.6916820419457407,0.9956523965186366,0.7671780889277882,-0.25623866340318285
108,650.0,0.0,0.0,0.0,0.0,0.0,1.0,1.0,0.0,0.0,0.0,0.0,1.0,0.0,0.0,1.0,0.0,-0.9526234769106225,-0.8296408825398077,0.32551814451090866,-1.2025652485928284,0.604025855683706
109,700.0,0.0,0.0,0.0,1.0,0.0,0.0,0.0,1.0,0.0,0.0,0.0,1.0,0.0,0.0,0.0,1.0,-0.9526234769106225,-0.9922040417126221,0.32551814451090866,-1.2663960811836383,-0.25623866340318285
110,730.0,0.0,0.0,0.0,1.0,0.0,0.0,0.0,0.0,1.0,0.0,0.0,1.0,0.0,0.0,0.0,1.0,-0.3304121606137999,-0.6939830573652771,0.32551814451090866,1.252531525615225,-0.25623866340318285
111,750.0,0.0,0.0,0.0,1.0,0.0,0.0,0.0,0.0,1.0,0.0,0.0,1.0,0.0,0.0,0.0,1.0,-0.3869768257316929,-0.5676168640520158,0.32551814451090866,0.06833862980017628,-0.25623866340318285
112,680.0,0.0,0.0,0.0,1.0,0.0,0.0,0.0,0.0,1.0,0.0,0.0,1.0,0.0,0.0,0.0,1.0,-0.0475888350243351,0.3184816283178928,-0.2584256023635321,0.06833862980017628,-0.25623866340318285
113,710.0,0.0,0.0,0.0,1.0,0.0,0.0,0.0,0.0,0.0,1.0,0.0,1.0,0.0,0.0,0.0,1.0,1.1968337975693102,0.5058494047203563,0.26431082507403486,1.252531525615225,-0.25623866340318285
114,720.0,0.0,0.0,0.0,1.0,0.0,0.0,0.0,0.0,1.0,0.0,0.0,1.0,0.0,0.0,0.0,1.0,-0.5566708210853718,-0.668047284952517,0.32551814451090866,0.7671780889277882,-0.25623866340318285
115,750.0,0.0,0.0,0.0,0.0,0.0,1.0,1.0,0.0,0.0,0.0,0.0,1.0,0.0,0.0,0.0,1.0,-0.7829294815569436,-0.8099264636341582,0.32551814451090866,-1.2512439464726683,0.604025855683706
116,695.0,0.0,0.0,0.0,0.0,0.0,1.0,1.0,0.0,0.0,0.0,0.0,1.0,0.0,0.0,0.0,1.0,-0.9526234769106225,-0.24079381293172036,0.32551814451090866,-1.2512439464726683,0.604025855683706
117,630.0,0.0,0.0,0.0,1.0,0.0,0.0,0.0,1.0,0.0,0.0,0.0,0.0,1.0,0.0,0.0,1.0,-0.16071816526012103,1.3796667836736307,-1.6196846645794054,-1.2512439464726683,-4.185620372065892
118,750.0,0.0,0.0,0.0,1.0,0.0,0.0,0.0,0.0,0.0,1.0,0.0,1.0,0.0,0.0,0.0,1.0,1.8756097789840258,0.8923812901491557,1.086286869621768,-1.2512439464726683,0.604025855683706
119,730.0,0.0,0.0,0.0,1.0,0.0,0.0,0.0,1.0,0.0,0.0,0.0,1.0,0.0,0.0,0.0,1.0,-0.3869768257316929,-0.5364292997176687,0.32551814451090866,0.5868697173249323,0.604025855683706
120,600.0,0.0,0.0,0.0,1.0,0.0,0.0,0.0,0.0,0.0,1.0,0.0,1.0,0.0,0.0,0.0,1.0,1.8756097789840258,0.793889992419702,-1.7385523723962688,-1.2512439464726683,0.604025855683706
121,650.0,0.0,0.0,0.0,0.0,0.0,1.0,1.0,0.0,0.0,0.0,0.0,1.0,0.0,0.0,0.0,1.0,-0.6698001513211578,-0.7837483008250171,0.32551814451090866,-1.2663960811836383,0.604025855683706
122,750.0,0.0,0.0,0.0,1.0,0.0,0.0,0.0,1.0,0.0,0.0,0.0,1.0,0.0,0.0,1.0,0.0,-1.0657528071464084,-1.2027604993688619,0.32551814451090866,-1.2663960811836383,0.604025855683706
123,730.0,0.0,0.0,0.0,1.0,0.0,0.0,0.0,1.0,0.0,0.0,0.0,1.0,0.0,0.0,0.0,1.0,-0.3869768257316929,0.08514047340184498,0.8590700042941701,-1.2512439464726683,0.604025855683706
124,735.0,0.0,0.0,0.0,0.0,0.0,1.0,1.0,0.0,0.0,0.0,0.0,1.0,0.0,0.0,0.0,1.0,-1.5182701280895523,-0.33678040989857105,0.32551814451090866,0.5868697173249323,0.604025855683706
125,610.0,0.0,0.0,0.0,1.0,0.0,0.0,0.0,1.0,0.0,0.0,0.0,1.0,0.0,0.0,1.0,0.0,0.8574458068619524,0.3383576408211295,-1.2780056861667206,-1.2663960811836383,0.604025855683706
126,580.0,1.0,0.0,0.0,0.0,0.0,0.0,0.0,0.0,0.0,1.0,0.0,0.0,1.0,0.0,1.0,0.0,-0.16071816526012103,1.9146223884863565,-2.747172803829894,-1.2512439464726683,-4.185620372065892
127,725.0,0.0,0.0,0.0,1.0,0.0,0.0,0.0,1.0,0.0,0.0,0.0,1.0,0.0,0.0,0.0,1.0,-0.3869768257316929,0.6811784581025667,-0.4476358725108889,-1.2025652485928284,-0.25623866340318285
128,750.0,0.0,0.0,0.0,1.0,0.0,0.0,0.0,1.0,0.0,0.0,0.0,1.0,0.0,0.0,0.0,1.0,-0.5001061559674789,-0.8298832729361886,0.32551814451090866,0.7671780889277882,-0.25623866340318285
129,750.0,0.0,0.0,0.0,1.0,0.0,0.0,0.0,0.0,0.0,1.0,0.0,1.0,0.0,0.0,0.0,1.0,0.7443164766261664,1.1556980574176459,0.24586183934677466,0.5868697173249323,-0.25623866340318285
130,750.0,0.0,0.0,0.0,1.0,0.0,0.0,0.0,1.0,0.0,0.0,0.0,1.0,0.0,0.0,0.0,1.0,-0.4435414908495859,-0.5567900930136673,0.32551814451090866,1.801441218422622,0.604025855683706
131,730.0,0.0,0.0,0.0,1.0,0.0,0.0,0.0,0.0,0.0,1.0,0.0,1.0,0.0,0.0,0.0,1.0,0.17866982544723678,0.45179634632740756,0.26431082507403486,0.06833862980017628,-0.25623866340318285
132,560.0,0.0,0.0,0.0,1.0,0.0,0.0,0.0,1.0,0.0,0.0,0.0,1.0,0.0,0.0,1.0,0.0,-1.744528788561124,-1.190236995555847,0.32551814451090866,-1.2663960811836383,-0.25623866340318285
133,700.0,0.0,0.0,0.0,0.0,0.0,1.0,1.0,0.0,0.0,0.0,0.0,1.0,0.0,0.0,0.0,1.0,-1.914222783914803,-1.138042263535152,0.32551814451090866,-1.2512439464726683,-4.185620372065892
134,750.0,0.0,0.0,0.0,1.0,0.0,0.0,0.0,0.0,0.0,1.0,0.0,1.0,0.0,0.0,0.0,1.0,1.309963127805096,-0.029510184086337772,1.6338742882066621,0.5868697173249323,0.604025855683706
135,730.0,0.0,0.0,0.0,1.0,0.0,0.0,0.0,0.0,0.0,1.0,0.0,1.0,0.0,0.0,0.0,1.0,0.7443164766261664,0.27670968334157814,-1.2780056861667206,0.06833862980017628,-0.25623866340318285
136,730.0,0.0,0.0,0.0,1.0,0.0,0.0,0.0,0.0,1.0,0.0,0.0,1.0,0.0,0.0,0.0,1.0,-0.273847495495907,-0.5275416518503677,0.32551814451090866,1.252531525615225,-0.25623866340318285
137,740.0,0.0,0.0,0.0,1.0,0.0,0.0,0.0,0.0,1.0,0.0,0.0,1.0,0.0,0.0,0.0,1.0,0.40492848591880864,-0.5648697728930319,0.32551814451090866,0.06833862980017628,-0.25623866340318285
138,720.0,0.0,0.0,0.0,1.0,0.0,0.0,0.0,0.0,1.0,0.0,0.0,1.0,0.0,0.0,0.0,1.0,0.46149315103670163,-0.633870239062805,0.32551814451090866,0.5868697173249323,-0.25623866340318285
139,720.0,0.0,0.0,0.0,1.0,0.0,0.0,0.0,0.0,1.0,0.0,0.0,1.0,0.0,0.0,0.0,1.0,0.34836382080091566,0.3534666421955412,-0.2584256023635321,0.5868697173249323,-0.25623866340318285
140,740.0,0.0,0.0,0.0,1.0,0.0,0.0,0.0,0.0,1.0,0.0,0.0,1.0,0.0,0.0,0.0,1.0,-0.16071816526012103,-0.7045674380072446,0.32551814451090866,0.7671780889277882,0.604025855683706
141,720.0,0.0,0.0,0.0,1.0,0.0,0.0,0.0,0.0,1.0,0.0,0.0,1.0,0.0,0.0,0.0,1.0,-0.273847495495907,-0.2150196341165475,0.24171987568577724,0.06833862980017628,-0.25623866340318285
142,730.0,0.0,0.0,0.0,1.0,0.0,0.0,0.0,0.0,1.0,0.0,0.0,1.0,0.0,0.0,0.0,1.0,-0.6698001513211578,-0.8864410320917404,0.32551814451090866,0.06833862980017628,-0.25623866340318285
143,600.0,0.0,0.0,1.0,0.0,0.0,0.0,0.0,1.0,0.0,0.0,0.0,1.0,0.0,0.0,1.0,0.0,1.309963127805096,-0.6571397171153749,0.32551814451090866,-1.2512439464726683,-4.185620372065892
144,600.0,0.0,0.0,1.0,0.0,0.0,0.0,0.0,1.0,0.0,0.0,0.0,1.0,0.0,0.0,1.0,0.0,1.309963127805096,-0.6637650546164537,0.32551814451090866,-1.2512439464726683,-4.185620372065892
145,725.0,0.0,0.0,1.0,0.0,0.0,0.0,0.0,0.0,1.0,0.0,0.0,1.0,0.0,0.0,0.0,1.0,0.8008811417440594,0.6303572716613638,0.9956523965186366,0.7671780889277882,-0.25623866340318285
146,675.0,0.0,0.0,0.0,1.0,0.0,0.0,0.0,0.0,0.0,1.0,0.0,1.0,0.0,0.0,0.0,1.0,1.0837044673335243,2.2727138007397927,-0.6049453392539653,0.5868697173249323,-0.25623866340318285
147,750.0,0.0,0.0,0.0,1.0,0.0,0.0,0.0,1.0,0.0,0.0,0.0,1.0,0.0,0.0,0.0,1.0,-0.16071816526012103,0.03860151729670526,1.6207452803858362,0.06833862980017628,0.604025855683706
148,750.0,0.0,0.0,1.0,0.0,0.0,0.0,0.0,0.0,1.0,0.0,0.0,0.0,1.0,0.0,0.0,1.0,1.2533984626872032,1.5626715329412373,0.35147764727483816,0.7671780889277882,-0.25623866340318285
149,700.0,0.0,0.0,0.0,1.0,0.0,0.0,0.0,1.0,0.0,0.0,0.0,1.0,0.0,0.0,0.0,1.0,-0.16071816526012103,-0.9697425316479887,0.32551814451090866,0.5868697173249323,0.604025855683706
150,750.0,0.0,0.0,0.0,1.0,0.0,0.0,0.0,0.0,1.0,0.0,0.0,1.0,0.0,0.0,0.0,1.0,-0.16071816526012103,-0.5683440352411586,0.32551814451090866,0.06833862980017628,-0.25623866340318285
151,730.0,0.0,0.0,0.0,1.0,0.0,0.0,0.0,0.0,1.0,0.0,0.0,1.0,0.0,0.0,0.0,1.0,-0.5001061559674789,-0.6753997936427387,0.32551814451090866,0.06833862980017628,-0.25623866340318285
152,650.0,0.0,0.0,0.0,1.0,0.0,0.0,0.0,0.0,1.0,0.0,0.0,1.0,0.0,0.0,0.0,1.0,0.23523449056512974,1.0704574346903502,0.24586183934677466,1.252531525615225,-0.25623866340318285
153,730.0,0.0,0.0,0.0,1.0,0.0,0.0,0.0,0.0,1.0,0.0,0.0,1.0,0.0,0.0,0.0,1.0,0.34836382080091566,-0.6030058619236325,0.32551814451090866,0.7671780889277882,-0.25623866340318285
154,720.0,0.0,0.0,0.0,1.0,0.0,0.0,0.0,0.0,1.0,0.0,0.0,1.0,0.0,0.0,0.0,1.0,-0.3869768257316929,-0.6718447344958183,0.32551814451090866,0.5868697173249323,-0.25623866340318285
155,720.0,0.0,0.0,0.0,1.0,0.0,0.0,0.0,0.0,1.0,0.0,0.0,1.0,0.0,0.0,0.0,1.0,-0.3304121606137999,-0.6773389168137862,0.32551814451090866,0.7671780889277882,-0.25623866340318285
156,750.0,0.0,0.0,0.0,1.0,0.0,0.0,0.0,0.0,1.0,0.0,0.0,1.0,0.0,0.0,0.0,1.0,-0.5566708210853718,-0.8740791218763126,0.32551814451090866,0.7671780889277882,-0.25623866340318285
157,730.0,0.0,0.0,0.0,1.0,0.0,0.0,0.0,0.0,1.0,0.0,0.0,1.0,0.0,0.0,0.0,1.0,-0.3869768257316929,-0.6419499189421696,0.32551814451090866,0.06833862980017628,-0.25623866340318285
158,730.0,0.0,0.0,0.0,1.0,0.0,0.0,0.0,0.0,1.0,0.0,0.0,1.0,0.0,0.0,0.0,1.0,-0.9526234769106225,-0.9013076430697711,0.32551814451090866,0.5868697173249323,-0.25623866340318285
159,670.0,0.0,0.0,0.0,1.0,0.0,0.0,0.0,0.0,1.0,0.0,0.0,1.0,0.0,0.0,0.0,1.0,0.5746224812724875,0.7872646549186231,-1.7385523723962688,0.7671780889277882,0.604025855683706
160,740.0,0.0,0.0,0.0,1.0,0.0,0.0,0.0,0.0,1.0,0.0,0.0,1.0,0.0,0.0,0.0,1.0,-0.273847495495907,-0.8479009590671716,0.32551814451090866,0.06833862980017628,-0.25623866340318285
161,720.0,0.0,0.0,0.0,1.0,0.0,0.0,0.0,0.0,1.0,0.0,0.0,1.0,0.0,0.0,0.0,1.0,0.6877518115082735,1.1091591013125062,0.24586183934677466,0.7671780889277882,0.604025855683706
162,750.0,0.0,0.0,0.0,1.0,0.0,0.0,0.0,0.0,1.0,0.0,0.0,1.0,0.0,0.0,0.0,1.0,0.1221051603293438,-0.5620418849352543,0.32551814451090866,1.252531525615225,-0.25623866340318285
163,740.0,0.0,0.0,0.0,1.0,0.0,0.0,0.0,0.0,1.0,0.0,0.0,1.0,0.0,0.0,0.0,1.0,-0.6698001513211578,-0.6169837081149331,0.32551814451090866,0.06833862980017628,-0.25623866340318285
164,740.0,0.0,0.0,0.0,1.0,0.0,0.0,0.0,0.0,1.0,0.0,0.0,1.0,0.0,0.0,0.0,1.0,0.17866982544723678,-0.7018203468482608,0.32551814451090866,0.7671780889277882,0.604025855683706
165,730.0,0.0,0.0,0.0,0.0,0.0,1.0,1.0,0.0,0.0,0.0,0.0,1.0,0.0,0.0,1.0,0.0,-0.6698001513211578,-1.1717345286321021,0.32551814451090866,-1.2512439464726683,0.604025855683706
166,620.0,0.0,0.0,0.0,1.0,0.0,0.0,0.0,0.0,0.0,1.0,0.0,1.0,0.0,0.0,0.0,1.0,1.0271398022156313,0.45955283901159755,0.26431082507403486,-1.2512439464726683,0.604025855683706
167,695.0,0.0,0.0,0.0,1.0,0.0,0.0,0.0,0.0,1.0,0.0,0.0,1.0,0.0,0.0,0.0,1.0,0.5746224812724875,0.06098223056254502,0.31505848580242174,-1.2512439464726683,-0.25623866340318285
168,650.0,0.0,0.0,0.0,1.0,0.0,0.0,0.0,0.0,0.0,1.0,0.0,1.0,0.0,0.0,0.0,1.0,2.158433104573491,1.1737965403474224,-0.0641010573887986,-1.2512439464726683,0.604025855683706
169,675.0,0.0,0.0,0.0,1.0,0.0,0.0,0.0,0.0,1.0,0.0,0.0,1.0,0.0,0.0,0.0,1.0,0.6311871463903805,1.2204162932513558,0.24586183934677466,-1.2512439464726683,0.604025855683706
170,695.0,0.0,0.0,0.0,1.0,0.0,0.0,0.0,0.0,1.0,0.0,0.0,1.0,0.0,0.0,0.0,1.0,0.46149315103670163,-0.5552549538365881,0.32551814451090866,-1.2512439464726683,-0.25623866340318285
172,675.0,0.0,0.0,0.0,1.0,0.0,0.0,0.0,1.0,0.0,0.0,0.0,1.0,0.0,0.0,1.0,0.0,-1.2354468025000873,-1.1586454472275316,0.32551814451090866,-1.2512439464726683,-4.185620372065892
173,730.0,0.0,0.0,0.0,1.0,0.0,0.0,0.0,0.0,0.0,1.0,0.0,1.0,0.0,0.0,1.0,0.0,0.17866982544723678,0.4362833609590277,0.26431082507403486,0.06833862980017628,-0.25623866340318285
174,690.0,0.0,0.0,0.0,1.0,0.0,0.0,0.0,0.0,1.0,0.0,0.0,1.0,0.0,0.0,0.0,1.0,1.592786453394561,0.44016160730112264,0.26431082507403486,-1.2512439464726683,0.604025855683706
175,750.0,0.0,0.0,0.0,1.0,0.0,0.0,0.0,1.0,0.0,0.0,0.0,1.0,0.0,0.0,1.0,0.0,-0.6698001513211578,-0.829560085741014,0.32551814451090866,-1.2663960811836383,-0.25623866340318285
176,600.0,0.0,0.0,0.0,0.0,0.0,1.0,1.0,0.0,0.0,0.0,0.0,1.0,0.0,0.0,0.0,1.0,-1.4051407978537662,-0.7296952424320684,0.32551814451090866,0.7671780889277882,0.604025855683706
177,723.0,0.0,0.0,0.0,0.0,0.0,1.0,1.0,0.0,0.0,0.0,0.0,1.0,0.0,0.0,0.0,1.0,-1.801093453679017,0.11463130496152553,0.8590700042941701,-1.2512439464726683,0.604025855683706
178,725.0,0.0,0.0,0.0,1.0,0.0,0.0,0.0,1.0,0.0,0.0,0.0,1.0,0.0,0.0,0.0,1.0,-0.3869768257316929,-0.3921262170722181,0.32551814451090866,0.7671780889277882,0.604025855683706
179,750.0,0.0,0.0,0.0,1.0,0.0,0.0,0.0,0.0,0.0,1.0,0.0,1.0,0.0,0.0,0.0,1.0,0.5746224812724875,-0.29888671126435135,0.24171987568577724,-1.2512439464726683,-4.185620372065892
180,600.0,0.0,0.0,0.0,1.0,0.0,0.0,0.0,0.0,1.0,0.0,0.0,1.0,0.0,0.0,0.0,1.0,-0.6698001513211578,2.072176146133965,-2.2961775481296987,-1.2512439464726683,-4.185620372065892
181,750.0,0.0,0.0,0.0,1.0,0.0,0.0,0.0,0.0,0.0,1.0,0.0,1.0,0.0,0.0,0.0,1.0,0.7443164766261664,-0.05770826686532,1.6338742882066621,0.5868697173249323,-0.25623866340318285
182,720.0,0.0,0.0,0.0,1.0,0.0,0.0,0.0,1.0,0.0,0.0,0.0,1.0,0.0,0.0,0.0,1.0,-0.16071816526012103,-0.9744287459780202,0.32551814451090866,-1.2663960811836383,-0.25623866340318285
183,550.0,0.0,0.0,0.0,0.0,1.0,0.0,0.0,0.0,1.0,0.0,0.0,0.0,1.0,0.0,0.0,1.0,-0.0475888350243351,-0.29315013855000255,-3.4236656873801876,-1.2512439464726683,-0.25623866340318285
184,720.0,0.0,0.0,0.0,1.0,0.0,0.0,0.0,0.0,0.0,1.0,0.0,1.0,0.0,0.0,1.0,0.0,-0.4435414908495859,-0.5611531201485241,0.32551814451090866,0.06833862980017628,-0.25623866340318285
185,740.0,0.0,0.0,0.0,1.0,0.0,0.0,0.0,0.0,0.0,1.0,0.0,1.0,0.0,0.0,0.0,1.0,0.46149315103670163,-0.5585676225871276,0.32551814451090866,0.7671780889277882,0.604025855683706
186,720.0,0.0,0.0,0.0,1.0,0.0,0.0,0.0,0.0,1.0,0.0,0.0,1.0,0.0,0.0,1.0,0.0,-0.0475888350243351,-0.7001236140735941,0.32551814451090866,1.252531525615225,-0.25623866340318285
187,650.0,0.0,0.0,0.0,1.0,0.0,0.0,0.0,1.0,0.0,0.0,0.0,1.0,0.0,0.0,1.0,0.0,-1.4617054629716593,-1.1432132586579453,0.32551814451090866,0.06833862980017628,-0.25623866340318285
188,650.0,0.0,0.0,0.0,1.0,0.0,0.0,0.0,0.0,1.0,0.0,0.0,1.0,0.0,0.0,0.0,1.0,2.2149977696913834,2.3105267025752187,-2.5465390913051835,0.06833862980017628,-0.25623866340318285
189,690.0,0.0,0.0,0.0,1.0,0.0,0.0,0.0,0.0,1.0,0.0,0.0,1.0,0.0,0.0,0.0,1.0,0.40492848591880864,1.2343941394426565,0.24586183934677466,-1.2663960811836383,-0.25623866340318285
190,750.0,0.0,0.0,0.0,0.0,0.0,1.0,1.0,0.0,0.0,0.0,0.0,1.0,0.0,0.0,0.0,1.0,-1.801093453679017,-0.984043565034464,0.32551814451090866,1.1736189129542818,0.604025855683706
191,725.0,0.0,0.0,0.0,1.0,0.0,0.0,0.0,1.0,0.0,0.0,0.0,1.0,0.0,0.0,0.0,1.0,-0.6698001513211578,-0.3917222330782499,0.32551814451090866,0.5868697173249323,0.604025855683706
192,620.0,0.0,0.0,0.0,1.0,0.0,0.0,0.0,1.0,0.0,0.0,0.0,1.0,0.0,0.0,1.0,0.0,1.592786453394561,0.35637532695211244,-1.2780056861667206,-1.2663960811836383,0.604025855683706
193,590.0,0.0,0.0,0.0,1.0,0.0,0.0,0.0,1.0,0.0,0.0,0.0,1.0,0.0,0.0,0.0,1.0,-0.273847495495907,2.3568232682839776,-2.5216751759797966,-1.2663960811836383,-0.25623866340318285
194,750.0,0.0,0.0,0.0,0.0,1.0,0.0,1.0,0.0,0.0,0.0,0.0,1.0,0.0,0.0,0.0,1.0,1.309963127805096,0.4412927624842337,1.6338742882066621,0.7671780889277882,0.604025855683706
195,720.0,0.0,0.0,0.0,0.0,0.0,1.0,1.0,0.0,0.0,0.0,0.0,1.0,0.0,0.0,0.0,1.0,-1.1788821373821945,-0.7579741220098443,0.32551814451090866,0.5868697173249323,0.604025855683706
196,700.0,0.0,0.0,0.0,1.0,0.0,0.0,0.0,0.0,1.0,0.0,0.0,1.0,0.0,0.0,0.0,1.0,1.4230924580408821,2.190139472372687,-0.8389053413012905,0.06833862980017628,-0.25623866340318285
197,692.0,0.0,0.0,0.0,1.0,0.0,0.0,0.0,0.0,1.0,0.0,0.0,0.0,1.0,0.0,0.0,1.0,1.479657123158775,0.3989552399163635,-0.2584256023635321,-1.2512439464726683,0.604025855683706
198,670.0,0.0,0.0,0.0,1.0,0.0,0.0,0.0,0.0,1.0,0.0,0.0,0.0,1.0,0.0,0.0,1.0,1.2533984626872032,0.3989552399163635,-0.2584256023635321,-1.2512439464726683,0.604025855683706
199,609.0,0.0,0.0,0.0,1.0,0.0,0.0,0.0,1.0,0.0,0.0,0.0,1.0,0.0,0.0,0.0,1.0,-0.0475888350243351,1.1981971735831034,0.24586183934677466,-1.2663960811836383,0.604025855683706
200,718.0,0.0,0.0,0.0,1.0,0.0,0.0,0.0,0.0,1.0,0.0,0.0,0.0,1.0,0.0,0.0,1.0,1.6493511185124539,0.3989552399163635,-0.2584256023635321,-1.2512439464726683,0.604025855683706
201,694.0,0.0,0.0,0.0,1.0,0.0,0.0,0.0,0.0,1.0,0.0,0.0,0.0,1.0,0.0,0.0,1.0,1.366527792922989,0.3989552399163635,-0.2584256023635321,-1.2512439464726683,0.604025855683706
202,658.0,0.0,0.0,0.0,1.0,0.0,0.0,0.0,0.0,1.0,0.0,0.0,0.0,1.0,0.0,0.0,1.0,1.1968337975693102,0.3989552399163635,-0.2584256023635321,-1.2512439464726683,0.604025855683706
203,750.0,0.0,0.0,0.0,1.0,0.0,0.0,0.0,0.0,1.0,0.0,0.0,1.0,0.0,0.0,1.0,0.0,-1.1788821373821945,-0.9482505831688791,0.32551814451090866,0.5868697173249323,0.604025855683706
204,723.0,0.0,0.0,0.0,1.0,0.0,0.0,0.0,0.0,1.0,0.0,0.0,0.0,1.0,0.0,0.0,1.0,1.76248044874824,0.3989552399163635,-0.2584256023635321,-1.2512439464726683,0.604025855683706
205,728.0,0.0,0.0,0.0,1.0,0.0,0.0,0.0,0.0,1.0,0.0,0.0,0.0,1.0,0.0,0.0,1.0,1.9321744441019189,0.3989552399163635,-0.2584256023635321,-1.2512439464726683,0.604025855683706
206,650.0,0.0,0.0,0.0,0.0,0.0,1.0,1.0,0.0,0.0,0.0,0.0,1.0,0.0,0.0,0.0,1.0,-1.6313994583253382,-0.8432147447371401,0.32551814451090866,-1.2663960811836383,-0.25623866340318285
207,750.0,0.0,0.0,0.0,1.0,0.0,0.0,0.0,0.0,1.0,0.0,0.0,1.0,0.0,0.0,1.0,0.0,0.17866982544723678,1.1559404478140267,0.24586183934677466,0.7671780889277882,-0.25623866340318285
208,735.0,0.0,0.0,0.0,1.0,0.0,0.0,0.0,0.0,0.0,1.0,0.0,1.0,0.0,0.0,0.0,1.0,0.17866982544723678,0.4467869448022016,0.26431082507403486,1.252531525615225,-0.25623866340318285
209,699.0,0.0,0.0,0.0,0.0,1.0,0.0,0.0,0.0,1.0,0.0,0.0,1.0,0.0,0.0,0.0,1.0,1.1968337975693102,0.9960435830014027,1.2011250226180696,0.5868697173249323,-0.25623866340318285
210,725.0,0.0,0.0,0.0,1.0,0.0,0.0,0.0,0.0,0.0,1.0,0.0,1.0,0.0,0.0,0.0,1.0,0.5746224812724875,0.148242773259682,0.8632406287177589,1.252531525615225,-0.25623866340318285
211,740.0,0.0,0.0,0.0,1.0,0.0,0.0,0.0,0.0,0.0,1.0,0.0,0.0,1.0,0.0,0.0,1.0,1.1402691324514171,1.0526821389557481,0.24586183934677466,-1.2663960811836383,0.604025855683706
212,720.0,0.0,0.0,0.0,1.0,0.0,0.0,0.0,1.0,0.0,0.0,0.0,1.0,0.0,0.0,0.0,1.0,0.9140104719798453,1.5678425280640307,0.35147764727483816,0.5868697173249323,0.604025855683706
213,750.0,0.0,0.0,0.0,1.0,0.0,0.0,0.0,0.0,0.0,1.0,0.0,1.0,0.0,0.0,0.0,1.0,1.2533984626872032,-0.29315013855000255,0.24171987568577724,-1.2025652485928284,0.604025855683706
214,710.0,0.0,0.0,0.0,1.0,0.0,0.0,0.0,0.0,0.0,1.0,0.0,1.0,0.0,0.0,0.0,1.0,0.5180578161545946,0.4227094987616953,0.26431082507403486,1.252531525615225,-0.25623866340318285
215,725.0,0.0,0.0,0.0,1.0,0.0,0.0,0.0,0.0,1.0,0.0,0.0,1.0,0.0,0.0,0.0,1.0,0.2917991556830227,-0.614721397748711,0.32551814451090866,0.06833862980017628,-0.25623866340318285
216,750.0,0.0,0.0,0.0,1.0,0.0,0.0,0.0,1.0,0.0,0.0,0.0,1.0,0.0,0.0,1.0,0.0,-0.6132354862032647,-0.7818091776539696,0.32551814451090866,-1.2663960811836383,-0.25623866340318285
217,750.0,0.0,0.0,0.0,1.0,0.0,0.0,0.0,0.0,1.0,0.0,0.0,1.0,0.0,0.0,0.0,1.0,0.23523449056512974,-0.9853363138151623,0.32551814451090866,0.7671780889277882,0.604025855683706
219,720.0,0.0,0.0,0.0,1.0,0.0,0.0,0.0,0.0,1.0,0.0,0.0,1.0,0.0,0.0,1.0,0.0,-0.5001061559674789,-0.9538255622856406,0.32551814451090866,-1.2663960811836383,-0.25623866340318285
220,700.0,0.0,0.0,0.0,1.0,0.0,0.0,0.0,0.0,1.0,0.0,0.0,1.0,0.0,0.0,1.0,0.0,0.00897583009355787,-0.5612339169473178,0.32551814451090866,1.252531525615225,-0.25623866340318285
221,750.0,0.0,0.0,1.0,0.0,0.0,0.0,0.0,0.0,1.0,0.0,0.0,0.0,1.0,0.0,0.0,1.0,1.0271398022156313,0.7126084128332948,0.9956523965186366,0.7671780889277882,-0.25623866340318285
222,610.0,0.0,0.0,0.0,0.0,0.0,1.0,1.0,0.0,0.0,0.0,0.0,1.0,0.0,0.0,1.0,0.0,-1.744528788561124,-0.8090376988474282,0.32551814451090866,0.06833862980017628,0.604025855683706
223,740.0,0.0,0.0,0.0,1.0,0.0,0.0,0.0,0.0,1.0,0.0,0.0,1.0,0.0,0.0,1.0,0.0,-0.273847495495907,0.17522890405675956,0.8632406287177589,1.252531525615225,-0.25623866340318285
224,715.0,0.0,0.0,0.0,1.0,0.0,0.0,0.0,0.0,1.0,0.0,0.0,1.0,0.0,0.0,0.0,1.0,0.2917991556830227,0.905066387559758,1.2011250226180696,-1.2663960811836383,0.604025855683706
225,550.0,0.0,0.0,0.0,1.0,0.0,0.0,0.0,0.0,1.0,0.0,0.0,1.0,0.0,0.0,1.0,0.0,0.00897583009355787,2.275622485496364,-2.5465390913051835,-1.2663960811836383,-0.25623866340318285
226,710.0,0.0,0.0,0.0,1.0,0.0,0.0,0.0,1.0,0.0,0.0,0.0,1.0,0.0,0.0,0.0,1.0,-1.1788821373821945,-1.1344872043882317,0.32551814451090866,-1.2663960811836383,-0.25623866340318285
227,730.0,0.0,0.0,0.0,1.0,0.0,0.0,0.0,0.0,1.0,0.0,0.0,1.0,0.0,0.0,0.0,1.0,-0.3304121606137999,-0.5868465021649034,0.32551814451090866,0.5868697173249323,-0.25623866340318285
228,750.0,0.0,0.0,0.0,0.0,0.0,1.0,1.0,0.0,0.0,0.0,0.0,1.0,0.0,0.0,0.0,1.0,-1.914222783914803,-1.130285770850962,0.32551814451090866,1.670465304592142,0.604025855683706
229,690.0,0.0,0.0,0.0,1.0,0.0,0.0,0.0,1.0,0.0,0.0,0.0,1.0,0.0,0.0,1.0,0.0,-1.3485761327358734,-0.8180061435135227,0.32551814451090866,0.06833862980017628,0.604025855683706
230,740.0,0.0,0.0,0.0,1.0,0.0,0.0,0.0,0.0,0.0,1.0,0.0,1.0,0.0,0.0,0.0,1.0,0.9140104719798453,0.5237054972537519,0.26431082507403486,1.252531525615225,0.604025855683706
231,750.0,0.0,0.0,1.0,0.0,0.0,0.0,0.0,1.0,0.0,0.0,0.0,1.0,0.0,0.0,0.0,1.0,0.5180578161545946,-0.7860914079900329,0.32551814451090866,-1.2663960811836383,0.604025855683706
232,720.0,0.0,0.0,0.0,1.0,0.0,0.0,0.0,0.0,0.0,1.0,0.0,1.0,0.0,0.0,1.0,0.0,-0.7263648164390507,-0.5801403678650309,0.32551814451090866,0.5868697173249323,-0.25623866340318285
233,740.0,0.0,0.0,0.0,1.0,0.0,0.0,0.0,0.0,1.0,0.0,0.0,1.0,0.0,0.0,0.0,1.0,-0.8960588117927296,-0.8539607189766949,0.32551814451090866,0.5868697173249323,-0.25623866340318285
234,740.0,0.0,0.0,0.0,1.0,0.0,0.0,0.0,1.0,0.0,0.0,0.0,1.0,0.0,0.0,0.0,1.0,0.00897583009355787,-0.9464730535954189,0.32551814451090866,0.7671780889277882,0.604025855683706
235,740.0,0.0,0.0,0.0,1.0,0.0,0.0,0.0,0.0,1.0,0.0,0.0,1.0,0.0,0.0,0.0,1.0,0.2917991556830227,0.9318909247592483,1.2011250226180696,0.7671780889277882,0.604025855683706
236,700.0,0.0,0.0,0.0,1.0,0.0,0.0,0.0,0.0,1.0,0.0,0.0,1.0,0.0,0.0,1.0,0.0,0.9705751370977383,-0.436806846805104,0.24171987568577724,1.252531525615225,-0.25623866340318285
237,730.0,0.0,0.0,0.0,1.0,0.0,0.0,0.0,1.0,0.0,0.0,0.0,1.0,0.0,0.0,1.0,0.0,-1.2354468025000873,-1.1793294277187047,0.32551814451090866,0.5868697173249323,0.604025855683706
238,700.0,0.0,0.0,0.0,0.0,0.0,1.0,1.0,0.0,0.0,0.0,0.0,1.0,0.0,0.0,0.0,1.0,-1.6313994583253382,-0.45700604650351534,0.32551814451090866,0.06833862980017628,0.604025855683706
240,749.0,0.0,0.0,0.0,1.0,0.0,0.0,0.0,1.0,0.0,0.0,0.0,1.0,0.0,0.0,0.0,1.0,-1.0657528071464084,-0.7150710218504186,0.32551814451090866,0.5868697173249323,0.604025855683706
241,700.0,0.0,0.0,0.0,0.0,0.0,1.0,1.0,0.0,0.0,0.0,0.0,1.0,0.0,0.0,1.0,0.0,-1.5182701280895523,-1.0459339129103964,0.32551814451090866,-1.2663960811836383,0.604025855683706
242,667.0,0.0,0.0,0.0,1.0,0.0,0.0,0.0,1.0,0.0,0.0,0.0,1.0,0.0,0.0,0.0,1.0,0.7443164766261664,0.47094518764150156,0.26431082507403486,1.670465304592142,0.604025855683706
243,725.0,0.0,0.0,0.0,1.0,0.0,0.0,0.0,1.0,0.0,0.0,0.0,1.0,0.0,0.0,1.0,0.0,-0.6698001513211578,-0.4006098809455509,0.32551814451090866,0.7671780889277882,0.604025855683706
244,550.0,0.0,0.0,0.0,0.0,1.0,0.0,0.0,0.0,0.0,1.0,0.0,1.0,0.0,0.0,0.0,1.0,0.7443164766261664,2.604788643781675,-3.4236656873801876,0.06833862980017628,-0.25623866340318285
245,695.0,0.0,0.0,0.0,1.0,0.0,0.0,0.0,0.0,0.0,1.0,0.0,1.0,0.0,0.0,0.0,1.0,-0.10415350014222806,0.35621373335452516,0.26431082507403486,1.252531525615225,-0.25623866340318285
247,750.0,0.0,0.0,0.0,0.0,0.0,1.0,1.0,0.0,0.0,0.0,0.0,1.0,0.0,0.0,0.0,1.0,-1.4051407978537662,-0.8362662200408866,0.32551814451090866,1.801441218422622,0.604025855683706
248,730.0,0.0,0.0,0.0,1.0,0.0,0.0,0.0,0.0,0.0,1.0,0.0,1.0,0.0,0.0,0.0,1.0,1.309963127805096,1.6496896852419933,0.35147764727483816,1.252531525615225,-0.25623866340318285
249,710.0,0.0,0.0,0.0,1.0,0.0,0.0,0.0,1.0,0.0,0.0,0.0,1.0,0.0,0.0,0.0,1.0,-1.5182701280895523,-1.1473338953964212,0.32551814451090866,-1.2663960811836383,-0.25623866340318285
250,650.0,0.0,0.0,0.0,1.0,0.0,0.0,0.0,1.0,0.0,0.0,0.0,1.0,0.0,0.0,0.0,1.0,0.06554049521145083,-0.7620947587483202,0.32551814451090866,1.252531525615225,0.604025855683706
251,600.0,0.0,1.0,0.0,0.0,0.0,0.0,0.0,0.0,1.0,0.0,0.0,0.0,1.0,0.0,1.0,0.0,0.17866982544723678,0.6802896933158367,-2.2961775481296987,-1.2512439464726683,-4.185620372065892
252,740.0,0.0,0.0,0.0,1.0,0.0,0.0,0.0,0.0,1.0,0.0,0.0,1.0,0.0,0.0,0.0,1.0,-0.8960588117927296,-0.5654353504845874,0.32551814451090866,0.06833862980017628,-0.25623866340318285
253,525.0,0.0,0.0,0.0,1.0,0.0,0.0,0.0,1.0,0.0,0.0,0.0,1.0,0.0,0.0,0.0,1.0,-0.0475888350243351,-0.29315013855000255,-2.5465390913051835,0.06833862980017628,0.604025855683706
254,750.0,0.0,0.0,0.0,0.0,0.0,1.0,1.0,0.0,0.0,0.0,0.0,1.0,0.0,0.0,0.0,1.0,-1.2354468025000873,-1.1379614667363585,0.32551814451090866,1.252531525615225,-0.25623866340318285
255,750.0,0.0,0.0,0.0,1.0,0.0,0.0,0.0,0.0,0.0,1.0,0.0,1.0,0.0,0.0,0.0,1.0,0.9705751370977383,1.122167385918283,0.24586183934677466,0.5868697173249323,0.604025855683706
256,710.0,0.0,0.0,0.0,1.0,0.0,0.0,0.0,0.0,0.0,1.0,0.0,1.0,0.0,0.0,0.0,1.0,0.6877518115082735,1.0571259628893985,0.24586183934677466,1.1736189129542818,0.604025855683706
257,560.0,0.0,0.0,0.0,0.0,0.0,1.0,1.0,0.0,0.0,0.0,0.0,1.0,0.0,0.0,0.0,1.0,-0.6132354862032647,-0.9348383145691339,0.32551814451090866,-1.2663960811836383,-0.25623866340318285
258,600.0,0.0,0.0,0.0,1.0,0.0,0.0,0.0,1.0,0.0,0.0,0.0,1.0,0.0,0.0,0.0,1.0,-0.8394941466748367,0.2867284863919901,-0.2584256023635321,-1.2663960811836383,-0.25623866340318285
259,720.0,0.0,0.0,0.0,1.0,0.0,0.0,0.0,1.0,0.0,0.0,0.0,1.0,0.0,0.0,0.0,1.0,-0.7263648164390507,-0.9507552839314821,0.32551814451090866,0.7874137416117789,-0.25623866340318285
260,750.0,0.0,0.0,0.0,1.0,0.0,0.0,0.0,0.0,1.0,0.0,0.0,1.0,0.0,0.0,0.0,1.0,0.17866982544723678,-1.03139048912754,0.32551814451090866,-1.2512439464726683,-0.25623866340318285
261,750.0,0.0,0.0,0.0,1.0,0.0,0.0,0.0,1.0,0.0,0.0,0.0,1.0,0.0,0.0,1.0,0.0,-0.8394941466748367,-1.0175742365338267,0.32551814451090866,1.252531525615225,0.604025855683706
262,750.0,0.0,0.0,0.0,0.0,0.0,1.0,1.0,0.0,0.0,0.0,0.0,1.0,0.0,0.0,0.0,1.0,1.8756097789840258,-0.6567357331214067,0.32551814451090866,1.252531525615225,0.604025855683706
263,650.0,0.0,0.0,0.0,0.0,0.0,1.0,1.0,0.0,0.0,0.0,0.0,1.0,0.0,0.0,1.0,0.0,-0.6698001513211578,-0.9331415817944674,0.32551814451090866,-1.2663960811836383,0.604025855683706
264,650.0,0.0,0.0,0.0,1.0,0.0,0.0,0.0,1.0,0.0,0.0,0.0,1.0,0.0,0.0,0.0,1.0,0.1221051603293438,0.4266685419025839,0.26431082507403486,0.5868697173249323,0.604025855683706
265,670.0,0.0,0.0,0.0,1.0,0.0,0.0,0.0,0.0,1.0,0.0,0.0,1.0,0.0,0.0,0.0,1.0,1.0271398022156313,0.9453031933589934,-2.620525723353202,0.06833862980017628,0.604025855683706
266,650.0,0.0,0.0,0.0,1.0,0.0,0.0,0.0,1.0,0.0,0.0,0.0,1.0,0.0,0.0,0.0,1.0,-0.6698001513211578,-0.24022823534016485,0.24171987568577724,0.5868697173249323,0.604025855683706
267,750.0,0.0,0.0,0.0,1.0,0.0,0.0,0.0,1.0,0.0,0.0,0.0,1.0,0.0,0.0,0.0,1.0,-1.4051407978537662,-0.8093608860426027,0.32551814451090866,0.5868697173249323,0.604025855683706
268,725.0,0.0,0.0,0.0,1.0,0.0,0.0,0.0,1.0,0.0,0.0,0.0,1.0,0.0,0.0,0.0,1.0,-0.3869768257316929,-0.7911816063140324,0.32551814451090866,-1.2512439464726683,-4.185620372065892
269,620.0,0.0,0.0,0.0,0.0,0.0,1.0,1.0,0.0,0.0,0.0,0.0,1.0,0.0,0.0,1.0,0.0,-2.083916779268482,-1.0877866546855046,0.32551814451090866,0.7671780889277882,0.604025855683706
270,680.0,0.0,0.0,0.0,1.0,0.0,0.0,0.0,1.0,0.0,0.0,0.0,1.0,0.0,0.0,0.0,1.0,-1.2354468025000873,-0.9734591843924965,0.32551814451090866,-1.2663960811836383,-0.25623866340318285
271,750.0,0.0,0.0,0.0,1.0,0.0,0.0,0.0,0.0,0.0,1.0,0.0,1.0,0.0,0.0,0.0,1.0,1.705915783630347,-0.22923987070422908,0.6785224214177364,-1.2663960811836383,0.604025855683706
272,670.0,0.0,0.0,0.0,1.0,0.0,0.0,0.0,1.0,0.0,0.0,0.0,1.0,0.0,0.0,0.0,1.0,-0.217282830378014,-0.24022823534016485,0.24171987568577724,0.7671780889277882,0.604025855683706
273,600.0,0.0,0.0,0.0,1.0,0.0,0.0,0.0,0.0,0.0,1.0,0.0,1.0,0.0,0.0,0.0,1.0,1.0271398022156313,1.0826577513081905,0.24586183934677466,-1.2512439464726683,-4.185620372065892
274,750.0,0.0,0.0,0.0,1.0,0.0,0.0,0.0,0.0,1.0,0.0,0.0,1.0,0.0,0.0,0.0,1.0,0.7443164766261664,-0.22156417481883278,0.9114486618826325,1.252531525615225,-0.25623866340318285
275,700.0,0.0,0.0,0.0,1.0,0.0,0.0,0.0,0.0,1.0,0.0,0.0,1.0,0.0,0.0,0.0,1.0,-1.1788821373821945,-0.47114548629240327,-0.04120126962872089,0.06833862980017628,-0.25623866340318285
276,695.0,0.0,0.0,0.0,1.0,0.0,0.0,0.0,1.0,0.0,0.0,0.0,1.0,0.0,0.0,1.0,0.0,0.06554049521145083,-0.7835059104286362,0.32551814451090866,0.7671780889277882,0.604025855683706
277,710.0,0.0,0.0,0.0,1.0,0.0,0.0,0.0,1.0,0.0,0.0,0.0,1.0,0.0,0.0,0.0,1.0,0.5180578161545946,0.780235333423576,-2.620525723353202,0.5868697173249323,0.604025855683706
278,620.0,0.0,0.0,0.0,1.0,0.0,0.0,0.0,0.0,1.0,0.0,0.0,1.0,0.0,0.0,0.0,1.0,1.309963127805096,2.7409312497489675,-1.8451822924295032,0.5868697173249323,-0.25623866340318285
279,700.0,0.0,0.0,0.0,1.0,0.0,0.0,0.0,0.0,0.0,1.0,0.0,1.0,0.0,0.0,0.0,1.0,1.309963127805096,2.064419653449775,-0.04120126962872089,0.7671780889277882,-0.25623866340318285
280,715.0,0.0,0.0,0.0,1.0,0.0,0.0,0.0,0.0,0.0,1.0,0.0,1.0,0.0,0.0,0.0,1.0,1.8190451138661328,1.9358719465690852,0.2970451721464258,-1.2663960811836383,-0.25623866340318285
281,750.0,0.0,0.0,0.0,1.0,0.0,0.0,0.0,1.0,0.0,0.0,0.0,1.0,0.0,0.0,0.0,1.0,-0.3869768257316929,-0.33556845791666634,0.32551814451090866,0.7671780889277882,0.604025855683706
282,750.0,0.0,0.0,0.0,1.0,0.0,0.0,0.0,1.0,0.0,0.0,0.0,1.0,0.0,0.0,0.0,1.0,-0.6698001513211578,-0.5599411681666195,0.32551814451090866,0.5868697173249323,0.604025855683706
283,550.0,0.0,0.0,0.0,0.0,0.0,1.0,1.0,0.0,0.0,0.0,0.0,1.0,0.0,0.0,1.0,0.0,-1.801093453679017,-0.8650298804114244,0.32551814451090866,-1.2663960811836383,-0.25623866340318285
284,730.0,0.0,0.0,0.0,1.0,0.0,0.0,0.0,1.0,0.0,0.0,0.0,1.0,0.0,0.0,0.0,1.0,0.17866982544723678,1.0056584020578465,1.2011250226180696,-1.2512439464726683,-0.25623866340318285
285,750.0,0.0,0.0,0.0,0.0,1.0,0.0,0.0,0.0,1.0,0.0,0.0,1.0,0.0,0.0,0.0,1.0,-0.6132354862032647,-0.9265162442933884,0.32551814451090866,1.252531525615225,0.604025855683706
286,700.0,0.0,0.0,0.0,1.0,0.0,0.0,0.0,1.0,0.0,0.0,0.0,1.0,0.0,0.0,0.0,1.0,-0.6698001513211578,-0.11870984995452225,0.6785224214177364,-1.2663960811836383,-0.25623866340318285
287,680.0,0.0,0.0,0.0,1.0,0.0,0.0,0.0,0.0,1.0,0.0,0.0,1.0,0.0,0.0,0.0,1.0,1.592786453394561,-0.16589518045001111,0.6785224214177364,-1.2663960811836383,0.604025855683706
288,600.0,0.0,0.0,0.0,1.0,0.0,0.0,0.0,1.0,0.0,0.0,0.0,1.0,0.0,0.0,1.0,0.0,-1.6313994583253382,-0.88377473773155,0.32551814451090866,1.252531525615225,-0.25623866340318285
289,750.0,0.0,0.0,0.0,1.0,0.0,0.0,0.0,0.0,1.0,0.0,0.0,1.0,0.0,0.0,0.0,1.0,1.309963127805096,1.2635617838071624,1.6338742882066621,0.7671780889277882,-0.25623866340318285
290,700.0,0.0,0.0,0.0,1.0,0.0,0.0,0.0,1.0,0.0,0.0,0.0,1.0,0.0,0.0,0.0,1.0,0.2917991556830227,-0.18714473853273986,0.9114486618826325,0.5868697173249323,0.604025855683706
291,690.0,0.0,0.0,0.0,1.0,0.0,0.0,0.0,0.0,1.0,0.0,0.0,1.0,0.0,0.0,0.0,1.0,1.1402691324514171,-0.6522919091877561,0.32551814451090866,-1.2663960811836383,0.604025855683706
292,700.0,0.0,0.0,0.0,1.0,0.0,0.0,0.0,1.0,0.0,0.0,0.0,1.0,0.0,0.0,0.0,1.0,-0.3869768257316929,-0.606964905064521,0.32551814451090866,-1.2663960811836383,-0.25623866340318285
293,750.0,0.0,0.0,0.0,1.0,0.0,0.0,0.0,0.0,1.0,0.0,0.0,1.0,0.0,0.0,0.0,1.0,1.705915783630347,-0.1279206850169978,0.6785224214177364,1.1736189129542818,0.604025855683706
294,735.0,0.0,0.0,0.0,1.0,0.0,0.0,0.0,1.0,0.0,0.0,0.0,1.0,0.0,0.0,0.0,1.0,-0.3304121606137999,-0.10772148531858647,0.24171987568577724,1.252531525615225,0.604025855683706
295,700.0,0.0,0.0,0.0,1.0,0.0,0.0,0.0,0.0,0.0,1.0,0.0,1.0,0.0,0.0,0.0,1.0,1.309963127805096,0.1955896973527582,0.8632406287177589,1.1736189129542818,0.604025855683706
296,725.0,0.0,0.0,0.0,1.0,0.0,0.0,0.0,0.0,0.0,1.0,0.0,1.0,0.0,0.0,0.0,1.0,1.0271398022156313,0.07197059519848079,0.31505848580242174,-1.2512439464726683,-0.25623866340318285
297,733.0,0.0,0.0,0.0,1.0,0.0,0.0,0.0,0.0,1.0,0.0,0.0,1.0,0.0,0.0,0.0,1.0,0.653813012437538,1.0652864395675568,0.24586183934677466,0.5868697173249323,0.604025855683706
298,750.0,0.0,0.0,0.0,1.0,0.0,0.0,0.0,1.0,0.0,0.0,0.0,1.0,0.0,0.0,0.0,1.0,-1.1788821373821945,-0.8983989583131999,0.32551814451090866,-1.2663960811836383,0.604025855683706
299,675.0,0.0,0.0,0.0,1.0,0.0,0.0,0.0,0.0,1.0,0.0,0.0,1.0,0.0,0.0,0.0,1.0,0.6877518115082735,-0.7837483008250171,0.32551814451090866,-1.2663960811836383,-0.25623866340318285
300,650.0,0.0,0.0,0.0,1.0,0.0,0.0,0.0,0.0,1.0,0.0,0.0,1.0,0.0,0.0,0.0,1.0,1.592786453394561,2.2388599420452553,-1.321553539996649,0.5868697173249323,-0.25623866340318285
301,730.0,0.0,0.0,0.0,1.0,0.0,0.0,0.0,1.0,0.0,0.0,0.0,1.0,0.0,0.0,0.0,1.0,-0.273847495495907,-0.7657306146940343,0.32551814451090866,-1.2663960811836383,0.604025855683706
302,700.0,0.0,0.0,0.0,1.0,0.0,0.0,0.0,1.0,0.0,0.0,0.0,1.0,0.0,0.0,0.0,1.0,2.2715624348092764,0.7472702395157687,-0.04120126962872089,-1.2663960811836383,0.604025855683706
303,690.0,0.0,0.0,0.0,0.0,0.0,1.0,1.0,0.0,0.0,0.0,0.0,1.0,0.0,0.0,1.0,0.0,-1.0657528071464084,-0.7722751553963195,0.32551814451090866,0.5868697173249323,0.604025855683706
304,700.0,0.0,0.0,0.0,1.0,0.0,0.0,0.0,0.0,1.0,0.0,0.0,1.0,0.0,0.0,0.0,1.0,0.7443164766261664,2.24693962192462,-1.321553539996649,0.7671780889277882,-0.25623866340318285
305,600.0,0.0,0.0,1.0,0.0,0.0,0.0,0.0,0.0,1.0,0.0,0.0,0.0,1.0,0.0,0.0,1.0,1.8190451138661328,2.352621834746708,-2.9767006375075664,0.5868697173249323,-0.25623866340318285
306,700.0,0.0,0.0,0.0,0.0,0.0,1.0,1.0,0.0,0.0,0.0,0.0,1.0,0.0,0.0,1.0,0.0,-1.801093453679017,-1.1849044068354664,0.32551814451090866,-1.2663960811836383,-0.25623866340318285
307,690.0,0.0,0.0,0.0,1.0,0.0,0.0,0.0,0.0,1.0,0.0,0.0,1.0,0.0,0.0,0.0,1.0,0.17866982544723678,1.1027761542078083,-0.26669889747881864,-1.2663960811836383,-0.25623866340318285
309,700.0,0.0,0.0,0.0,0.0,0.0,1.0,1.0,0.0,0.0,0.0,0.0,1.0,0.0,0.0,0.0,1.0,-0.3304121606137999,-0.5563053122209055,0.32551814451090866,-1.2663960811836383,-0.25623866340318285
310,670.0,0.0,0.0,0.0,1.0,0.0,0.0,0.0,1.0,0.0,0.0,0.0,1.0,0.0,0.0,0.0,1.0,0.23523449056512974,1.5981413276116476,0.35147764727483816,-1.2663960811836383,0.604025855683706
311,750.0,0.0,0.0,0.0,1.0,0.0,0.0,0.0,0.0,1.0,0.0,0.0,1.0,0.0,0.0,0.0,1.0,1.309963127805096,0.7860527029367184,-1.7385523723962688,1.252531525615225,0.604025855683706
312,740.0,0.0,0.0,0.0,0.0,0.0,1.0,1.0,0.0,0.0,0.0,0.0,1.0,0.0,0.0,0.0,1.0,-1.3485761327358734,-0.5683440352411586,0.32551814451090866,-1.2663960811836383,0.604025855683706
314,750.0,0.0,0.0,0.0,1.0,0.0,0.0,0.0,0.0,1.0,0.0,0.0,1.0,0.0,0.0,0.0,1.0,0.2917991556830227,-0.7799508512817158,0.32551814451090866,0.06833862980017628,-0.25623866340318285
315,750.0,0.0,0.0,0.0,0.0,0.0,1.0,1.0,0.0,0.0,0.0,0.0,1.0,0.0,0.0,0.0,1.0,0.7443164766261664,0.07407131196711557,1.6207452803858362,-1.2663960811836383,0.604025855683706
316,650.0,0.0,0.0,0.0,0.0,0.0,1.0,1.0,0.0,0.0,0.0,0.0,1.0,0.0,0.0,0.0,1.0,-1.6313994583253382,-0.804513078114984,0.32551814451090866,-1.2663960811836383,-0.25623866340318285
317,625.0,0.0,0.0,0.0,1.0,0.0,0.0,0.0,1.0,0.0,0.0,0.0,1.0,0.0,0.0,0.0,1.0,-0.3304121606137999,0.779992943027195,-2.620525723353202,0.5868697173249323,0.604025855683706
318,700.0,0.0,0.0,0.0,1.0,0.0,0.0,0.0,1.0,0.0,0.0,0.0,1.0,0.0,0.0,0.0,1.0,-1.2354468025000873,-1.0576494487354748,0.32551814451090866,-1.2663960811836383,0.604025855683706
319,750.0,0.0,0.0,0.0,1.0,0.0,0.0,0.0,0.0,1.0,0.0,0.0,0.0,1.0,0.0,0.0,1.0,2.158433104573491,1.244493739291862,1.6338742882066621,0.7671780889277882,-0.25623866340318285
320,600.0,0.0,0.0,0.0,0.0,0.0,1.0,1.0,0.0,0.0,0.0,0.0,1.0,0.0,0.0,1.0,0.0,-1.801093453679017,-0.9327375978004991,0.32551814451090866,-1.2663960811836383,-0.25623866340318285
321,750.0,0.0,0.0,0.0,1.0,0.0,0.0,0.0,0.0,1.0,0.0,0.0,0.0,1.0,0.0,0.0,1.0,1.8190451138661328,-0.2002338199373104,0.24171987568577724,0.5868697173249323,0.604025855683706
322,700.0,0.0,0.0,0.0,1.0,0.0,0.0,0.0,1.0,0.0,0.0,0.0,1.0,0.0,0.0,0.0,1.0,-0.10415350014222806,1.3450857537899505,-0.04120126962872089,0.7671780889277882,0.604025855683706
323,750.0,0.0,0.0,0.0,1.0,0.0,0.0,0.0,0.0,0.0,1.0,0.0,0.0,1.0,0.0,0.0,1.0,1.8756097789840258,1.0810418153323176,1.6338742882066621,0.5868697173249323,0.604025855683706
324,750.0,0.0,0.0,0.0,1.0,0.0,0.0,0.0,0.0,1.0,0.0,0.0,1.0,0.0,0.0,0.0,1.0,-0.5001061559674789,-0.6887312654436902,0.32551814451090866,0.5868697173249323,0.604025855683706
325,625.0,0.0,0.0,0.0,1.0,0.0,0.0,0.0,0.0,1.0,0.0,0.0,1.0,0.0,0.0,0.0,1.0,0.00897583009355787,2.2858028821443632,-2.5465390913051835,-1.2663960811836383,-0.25623866340318285
326,750.0,0.0,0.0,0.0,1.0,0.0,0.0,0.0,1.0,0.0,0.0,0.0,1.0,0.0,0.0,0.0,1.0,-0.6132354862032647,0.06227497934324335,1.6207452803858362,0.7671780889277882,-0.25623866340318285
327,695.0,0.0,0.0,0.0,1.0,0.0,0.0,0.0,1.0,0.0,0.0,0.0,1.0,0.0,0.0,0.0,1.0,0.1221051603293438,-0.5462865091704935,0.32551814451090866,1.252531525615225,0.604025855683706
328,720.0,0.0,0.0,0.0,1.0,0.0,0.0,0.0,0.0,1.0,0.0,0.0,1.0,0.0,0.0,0.0,1.0,0.06554049521145083,-0.15393725422855162,0.9114486618826325,-1.2663960811836383,-0.25623866340318285
329,745.0,0.0,0.0,0.0,1.0,0.0,0.0,0.0,0.0,1.0,0.0,0.0,1.0,0.0,0.0,0.0,1.0,0.9140104719798453,1.086212810455111,0.24586183934677466,0.5868697173249323,0.604025855683706
330,720.0,0.0,0.0,0.0,1.0,0.0,0.0,0.0,0.0,1.0,0.0,0.0,1.0,0.0,0.0,0.0,1.0,0.721690610579009,1.0719925738674294,0.24586183934677466,0.5868697173249323,0.604025855683706
331,750.0,0.0,0.0,0.0,1.0,0.0,0.0,0.0,0.0,1.0,0.0,0.0,1.0,0.0,0.0,0.0,1.0,-0.10415350014222806,-0.6378292822036936,0.32551814451090866,0.7671780889277882,-0.25623866340318285
332,720.0,0.0,0.0,0.0,0.0,0.0,1.0,1.0,0.0,0.0,0.0,0.0,1.0,0.0,0.0,0.0,1.0,-0.5001061559674789,-0.771467187408383,0.32551814451090866,0.7671780889277882,0.604025855683706
333,725.0,0.0,0.0,0.0,0.0,0.0,1.0,1.0,0.0,0.0,0.0,0.0,1.0,0.0,0.0,1.0,0.0,-0.7263648164390507,-1.1486266441771196,0.32551814451090866,1.670465304592142,0.604025855683706
334,750.0,0.0,0.0,0.0,1.0,0.0,0.0,0.0,0.0,1.0,0.0,0.0,1.0,0.0,0.0,1.0,0.0,1.309963127805096,-0.5934718396659823,0.32551814451090866,1.1736189129542818,0.604025855683706
335,550.0,0.0,0.0,0.0,1.0,0.0,0.0,0.0,0.0,1.0,0.0,0.0,1.0,0.0,0.0,0.0,1.0,1.6493511185124539,2.592911514359009,-3.4236656873801876,0.7671780889277882,0.604025855683706
336,640.0,0.0,0.0,0.0,1.0,0.0,0.0,0.0,0.0,1.0,0.0,0.0,1.0,0.0,0.0,0.0,1.0,0.6877518115082735,1.1274999746386636,-1.3941870367293074,0.5868697173249323,0.604025855683706
337,700.0,0.0,0.0,0.0,1.0,0.0,0.0,0.0,1.0,0.0,0.0,0.0,1.0,0.0,0.0,0.0,1.0,-0.16071816526012103,-0.29896750806314504,0.24171987568577724,0.7671780889277882,0.604025855683706
338,700.0,0.0,0.0,0.0,1.0,0.0,0.0,0.0,1.0,0.0,0.0,0.0,1.0,0.0,0.0,0.0,1.0,0.1221051603293438,-0.6324158966845194,0.32551814451090866,1.3867236637707119,0.604025855683706
339,700.0,0.0,0.0,0.0,1.0,0.0,0.0,0.0,0.0,1.0,0.0,0.0,1.0,0.0,0.0,0.0,1.0,1.0271398022156313,1.212175019774404,0.24586183934677466,0.7671780889277882,-0.25623866340318285
340,695.0,0.0,0.0,0.0,1.0,0.0,0.0,0.0,0.0,1.0,0.0,0.0,1.0,0.0,0.0,1.0,0.0,0.2917991556830227,-0.015693931492624415,-0.15395008355376977,0.06833862980017628,-0.25623866340318285
